lemma,form,case,number,semantic_class,countability,animacy,harmony,role
ember,ember,NOM,SG,human,countable,animate,front_unrounded,controlled
ember,embert,ACC,SG,human,countable,animate,front_unrounded,controlled
ember,embernek,DAT,SG,human,countable,animate,front_unrounded,controlled
ember,emberben,INE,SG,human,countable,animate,front_unrounded,controlled
ember,emberbe,ILL,SG,human,countable,animate,front_unrounded,controlled
ember,emberből,ELA,SG,human,countable,animate,front_unrounded,controlled
ember,embernél,ADE,SG,human,countable,animate,front_unrounded,controlled
ember,emberhez,ALL,SG,human,countable,animate,front_unrounded,controlled
ember,embertől,ABL,SG,human,countable,animate,front_unrounded,controlled
ember,emberen,SUP,SG,human,countable,animate,front_unrounded,controlled
ember,emberre,SUB,SG,human,countable,animate,front_unrounded,controlled
ember,emberről,DEL,SG,human,countable,animate,front_unrounded,controlled
ember,emberrel,INS,SG,human,countable,animate,front_unrounded,controlled
ember,emberig,TER,SG,human,countable,animate,front_unrounded,controlled
ember,emberért,CAU_FIN,SG,human,countable,animate,front_unrounded,controlled
ember,emberként,ESS_FOR,SG,human,countable,animate,front_unrounded,controlled
ember,emberré,TRA,SG,human,countable,animate,front_unrounded,controlled
személy,személy,NOM,SG,human,countable,animate,front_unrounded,filler
személy,személyt,ACC,SG,human,countable,animate,front_unrounded,filler
személy,személynek,DAT,SG,human,countable,animate,front_unrounded,filler
személy,személyben,INE,SG,human,countable,animate,front_unrounded,filler
személy,személybe,ILL,SG,human,countable,animate,front_unrounded,filler
személy,személyből,ELA,SG,human,countable,animate,front_unrounded,filler
személy,személynél,ADE,SG,human,countable,animate,front_unrounded,filler
személy,személyhez,ALL,SG,human,countable,animate,front_unrounded,filler
személy,személytől,ABL,SG,human,countable,animate,front_unrounded,filler
személy,személyen,SUP,SG,human,countable,animate,front_unrounded,filler
személy,személyre,SUB,SG,human,countable,animate,front_unrounded,filler
személy,személyről,DEL,SG,human,countable,animate,front_unrounded,filler
személy,személlyel,INS,SG,human,countable,animate,front_unrounded,filler
személy,személyig,TER,SG,human,countable,animate,front_unrounded,filler
személy,személyért,CAU_FIN,SG,human,countable,animate,front_unrounded,filler
személy,személyként,ESS_FOR,SG,human,countable,animate,front_unrounded,filler
személy,személlyé,TRA,SG,human,countable,animate,front_unrounded,filler
csoport,csoport,NOM,SG,group,countable,variable,back,filler
csoport,csoportot,ACC,SG,group,countable,variable,back,filler
csoport,csoportnak,DAT,SG,group,countable,variable,back,filler
csoport,csoportban,INE,SG,group,countable,variable,back,filler
csoport,csoportba,ILL,SG,group,countable,variable,back,filler
csoport,csoportból,ELA,SG,group,countable,variable,back,filler
csoport,csoportnál,ADE,SG,group,countable,variable,back,filler
csoport,csoporthoz,ALL,SG,group,countable,variable,back,filler
csoport,csoporttól,ABL,SG,group,countable,variable,back,filler
csoport,csoporton,SUP,SG,group,countable,variable,back,filler
csoport,csoportra,SUB,SG,group,countable,variable,back,filler
csoport,csoportról,DEL,SG,group,countable,variable,back,filler
csoport,csoporttal,INS,SG,group,countable,variable,back,filler
csoport,csoportig,TER,SG,group,countable,variable,back,filler
csoport,csoportért,CAU_FIN,SG,group,countable,variable,back,filler
csoport,csoportként,ESS_FOR,SG,group,countable,variable,back,filler
csoport,csoporttá,TRA,SG,group,countable,variable,back,filler
szervezet,szervezet,NOM,SG,group,countable,variable,front_unrounded,filler
szervezet,szervezetet,ACC,SG,group,countable,variable,front_unrounded,filler
szervezet,szervezetnek,DAT,SG,group,countable,variable,front_unrounded,filler
szervezet,szervezetben,INE,SG,group,countable,variable,front_unrounded,filler
szervezet,szervezetbe,ILL,SG,group,countable,variable,front_unrounded,filler
szervezet,szervezetből,ELA,SG,group,countable,variable,front_unrounded,filler
szervezet,szervezetnél,ADE,SG,group,countable,variable,front_unrounded,filler
szervezet,szervezethez,ALL,SG,group,countable,variable,front_unrounded,filler
szervezet,szervezettől,ABL,SG,group,countable,variable,front_unrounded,filler
szervezet,szervezeten,SUP,SG,group,countable,variable,front_unrounded,filler
szervezet,szervezetre,SUB,SG,group,countable,variable,front_unrounded,filler
szervezet,szervezetről,DEL,SG,group,countable,variable,front_unrounded,filler
szervezet,szervezettel,INS,SG,group,countable,variable,front_unrounded,filler
szervezet,szervezetig,TER,SG,group,countable,variable,front_unrounded,filler
szervezet,szervezetért,CAU_FIN,SG,group,countable,variable,front_unrounded,filler
szervezet,szervezetként,ESS_FOR,SG,group,countable,variable,front_unrounded,filler
szervezet,szervezetté,TRA,SG,group,countable,variable,front_unrounded,filler
állat,állat,NOM,SG,animal,countable,animate,back,filler
állat,állatot,ACC,SG,animal,countable,animate,back,filler
állat,állatnak,DAT,SG,animal,countable,animate,back,filler
állat,állatban,INE,SG,animal,countable,animate,back,filler
állat,állatba,ILL,SG,animal,countable,animate,back,filler
állat,állatból,ELA,SG,animal,countable,animate,back,filler
állat,állatnál,ADE,SG,animal,countable,animate,back,filler
állat,állathoz,ALL,SG,animal,countable,animate,back,filler
állat,állattól,ABL,SG,animal,countable,animate,back,filler
állat,állaton,SUP,SG,animal,countable,animate,back,filler
állat,állatra,SUB,SG,animal,countable,animate,back,filler
állat,állatról,DEL,SG,animal,countable,animate,back,filler
állat,állattal,INS,SG,animal,countable,animate,back,filler
állat,állatig,TER,SG,animal,countable,animate,back,filler
állat,állatért,CAU_FIN,SG,animal,countable,animate,back,filler
állat,állatként,ESS_FOR,SG,animal,countable,animate,back,filler
állat,állattá,TRA,SG,animal,countable,animate,back,filler
tárgy,tárgy,NOM,SG,inanimate_object,countable,inanimate,back,controlled
tárgy,tárgyat,ACC,SG,inanimate_object,countable,inanimate,back,controlled
tárgy,tárgynak,DAT,SG,inanimate_object,countable,inanimate,back,controlled
tárgy,tárgyban,INE,SG,inanimate_object,countable,inanimate,back,controlled
tárgy,tárgyba,ILL,SG,inanimate_object,countable,inanimate,back,controlled
tárgy,tárgyból,ELA,SG,inanimate_object,countable,inanimate,back,controlled
tárgy,tárgynál,ADE,SG,inanimate_object,countable,inanimate,back,controlled
tárgy,tárgyhoz,ALL,SG,inanimate_object,countable,inanimate,back,controlled
tárgy,tárgytól,ABL,SG,inanimate_object,countable,inanimate,back,controlled
tárgy,tárgyon,SUP,SG,inanimate_object,countable,inanimate,back,controlled
tárgy,tárgyra,SUB,SG,inanimate_object,countable,inanimate,back,controlled
tárgy,tárgyról,DEL,SG,inanimate_object,countable,inanimate,back,controlled
tárgy,tárggyal,INS,SG,inanimate_object,countable,inanimate,back,controlled
tárgy,tárgyig,TER,SG,inanimate_object,countable,inanimate,back,controlled
tárgy,tárgyért,CAU_FIN,SG,inanimate_object,countable,inanimate,back,controlled
tárgy,tárgyként,ESS_FOR,SG,inanimate_object,countable,inanimate,back,controlled
tárgy,tárggyá,TRA,SG,inanimate_object,countable,inanimate,back,controlled
darab,darab,NOM,SG,inanimate_object,countable,inanimate,back,filler
darab,darabot,ACC,SG,inanimate_object,countable,inanimate,back,filler
darab,darabnak,DAT,SG,inanimate_object,countable,inanimate,back,filler
darab,darabban,INE,SG,inanimate_object,countable,inanimate,back,filler
darab,darabba,ILL,SG,inanimate_object,countable,inanimate,back,filler
darab,darabból,ELA,SG,inanimate_object,countable,inanimate,back,filler
darab,darabnál,ADE,SG,inanimate_object,countable,inanimate,back,filler
darab,darabhoz,ALL,SG,inanimate_object,countable,inanimate,back,filler
darab,darabtól,ABL,SG,inanimate_object,countable,inanimate,back,filler
darab,darabon,SUP,SG,inanimate_object,countable,inanimate,back,filler
darab,darabra,SUB,SG,inanimate_object,countable,inanimate,back,filler
darab,darabról,DEL,SG,inanimate_object,countable,inanimate,back,filler
darab,darabbal,INS,SG,inanimate_object,countable,inanimate,back,filler
darab,darabig,TER,SG,inanimate_object,countable,inanimate,back,filler
darab,darabért,CAU_FIN,SG,inanimate_object,countable,inanimate,back,filler
darab,darabként,ESS_FOR,SG,inanimate_object,countable,inanimate,back,filler
darab,darabbá,TRA,SG,inanimate_object,countable,inanimate,back,filler
anyag,anyag,NOM,SG,substance,mass,inanimate,back,filler
anyag,anyagot,ACC,SG,substance,mass,inanimate,back,filler
anyag,anyagnak,DAT,SG,substance,mass,inanimate,back,filler
anyag,anyagban,INE,SG,substance,mass,inanimate,back,filler
anyag,anyagba,ILL,SG,substance,mass,inanimate,back,filler
anyag,anyagból,ELA,SG,substance,mass,inanimate,back,filler
anyag,anyagnál,ADE,SG,substance,mass,inanimate,back,filler
anyag,anyaghoz,ALL,SG,substance,mass,inanimate,back,filler
anyag,anyagtól,ABL,SG,substance,mass,inanimate,back,filler
anyag,anyagon,SUP,SG,substance,mass,inanimate,back,filler
anyag,anyagra,SUB,SG,substance,mass,inanimate,back,filler
anyag,anyagról,DEL,SG,substance,mass,inanimate,back,filler
anyag,anyaggal,INS,SG,substance,mass,inanimate,back,filler
anyag,anyagig,TER,SG,substance,mass,inanimate,back,filler
anyag,anyagért,CAU_FIN,SG,substance,mass,inanimate,back,filler
anyag,anyagként,ESS_FOR,SG,substance,mass,inanimate,back,filler
anyag,anyaggá,TRA,SG,substance,mass,inanimate,back,filler
eszköz,eszköz,NOM,SG,instrument,countable,inanimate,front_rounded,controlled
eszköz,eszközt,ACC,SG,instrument,countable,inanimate,front_rounded,controlled
eszköz,eszköznek,DAT,SG,instrument,countable,inanimate,front_rounded,controlled
eszköz,eszközben,INE,SG,instrument,countable,inanimate,front_rounded,controlled
eszköz,eszközbe,ILL,SG,instrument,countable,inanimate,front_rounded,controlled
eszköz,eszközből,ELA,SG,instrument,countable,inanimate,front_rounded,controlled
eszköz,eszköznél,ADE,SG,instrument,countable,inanimate,front_rounded,controlled
eszköz,eszközhöz,ALL,SG,instrument,countable,inanimate,front_rounded,controlled
eszköz,eszköztől,ABL,SG,instrument,countable,inanimate,front_rounded,controlled
eszköz,eszközön,SUP,SG,instrument,countable,inanimate,front_rounded,controlled
eszköz,eszközre,SUB,SG,instrument,countable,inanimate,front_rounded,controlled
eszköz,eszközről,DEL,SG,instrument,countable,inanimate,front_rounded,controlled
eszköz,eszközzel,INS,SG,instrument,countable,inanimate,front_rounded,controlled
eszköz,eszközig,TER,SG,instrument,countable,inanimate,front_rounded,controlled
eszköz,eszközért,CAU_FIN,SG,instrument,countable,inanimate,front_rounded,controlled
eszköz,eszközként,ESS_FOR,SG,instrument,countable,inanimate,front_rounded,controlled
eszköz,eszközzé,TRA,SG,instrument,countable,inanimate,front_rounded,controlled
szerszám,szerszám,NOM,SG,instrument,countable,inanimate,back,filler
szerszám,szerszámot,ACC,SG,instrument,countable,inanimate,back,filler
szerszám,szerszámnak,DAT,SG,instrument,countable,inanimate,back,filler
szerszám,szerszámban,INE,SG,instrument,countable,inanimate,back,filler
szerszám,szerszámba,ILL,SG,instrument,countable,inanimate,back,filler
szerszám,szerszámból,ELA,SG,instrument,countable,inanimate,back,filler
szerszám,szerszámnál,ADE,SG,instrument,countable,inanimate,back,filler
szerszám,szerszámhoz,ALL,SG,instrument,countable,inanimate,back,filler
szerszám,szerszámtól,ABL,SG,instrument,countable,inanimate,back,filler
szerszám,szerszámon,SUP,SG,instrument,countable,inanimate,back,filler
szerszám,szerszámra,SUB,SG,instrument,countable,inanimate,back,filler
szerszám,szerszámról,DEL,SG,instrument,countable,inanimate,back,filler
szerszám,szerszámmal,INS,SG,instrument,countable,inanimate,back,filler
szerszám,szerszámig,TER,SG,instrument,countable,inanimate,back,filler
szerszám,szerszámért,CAU_FIN,SG,instrument,countable,inanimate,back,filler
szerszám,szerszámként,ESS_FOR,SG,instrument,countable,inanimate,back,filler
szerszám,szerszámmá,TRA,SG,instrument,countable,inanimate,back,filler
hely,hely,NOM,SG,location,countable,inanimate,front_unrounded,controlled
hely,helyet,ACC,SG,location,countable,inanimate,front_unrounded,controlled
hely,helynek,DAT,SG,location,countable,inanimate,front_unrounded,controlled
hely,helyben,INE,SG,location,countable,inanimate,front_unrounded,controlled
hely,helybe,ILL,SG,location,countable,inanimate,front_unrounded,controlled
hely,helyből,ELA,SG,location,countable,inanimate,front_unrounded,controlled
hely,helynél,ADE,SG,location,countable,inanimate,front_unrounded,controlled
hely,helyhez,ALL,SG,location,countable,inanimate,front_unrounded,controlled
hely,helytől,ABL,SG,location,countable,inanimate,front_unrounded,controlled
hely,helyen,SUP,SG,location,countable,inanimate,front_unrounded,controlled
hely,helyre,SUB,SG,location,countable,inanimate,front_unrounded,controlled
hely,helyről,DEL,SG,location,countable,inanimate,front_unrounded,controlled
hely,hellyel,INS,SG,location,countable,inanimate,front_unrounded,controlled
hely,helyig,TER,SG,location,countable,inanimate,front_unrounded,controlled
hely,helyért,CAU_FIN,SG,location,countable,inanimate,front_unrounded,controlled
hely,helyként,ESS_FOR,SG,location,countable,inanimate,front_unrounded,controlled
hely,hellyé,TRA,SG,location,countable,inanimate,front_unrounded,controlled
terület,terület,NOM,SG,location,countable,inanimate,front_unrounded,filler
terület,területet,ACC,SG,location,countable,inanimate,front_unrounded,filler
terület,területnek,DAT,SG,location,countable,inanimate,front_unrounded,filler
terület,területben,INE,SG,location,countable,inanimate,front_unrounded,filler
terület,területbe,ILL,SG,location,countable,inanimate,front_unrounded,filler
terület,területből,ELA,SG,location,countable,inanimate,front_unrounded,filler
terület,területnél,ADE,SG,location,countable,inanimate,front_unrounded,filler
terület,területhez,ALL,SG,location,countable,inanimate,front_unrounded,filler
terület,területtől,ABL,SG,location,countable,inanimate,front_unrounded,filler
terület,területen,SUP,SG,location,countable,inanimate,front_unrounded,filler
terület,területre,SUB,SG,location,countable,inanimate,front_unrounded,filler
terület,területről,DEL,SG,location,countable,inanimate,front_unrounded,filler
terület,területtel,INS,SG,location,countable,inanimate,front_unrounded,filler
terület,területig,TER,SG,location,countable,inanimate,front_unrounded,filler
terület,területért,CAU_FIN,SG,location,countable,inanimate,front_unrounded,filler
terület,területként,ESS_FOR,SG,location,countable,inanimate,front_unrounded,filler
terület,területté,TRA,SG,location,countable,inanimate,front_unrounded,filler
esemény,esemény,NOM,SG,event,countable,inanimate,front_unrounded,controlled
esemény,eseményt,ACC,SG,event,countable,inanimate,front_unrounded,controlled
esemény,eseménynek,DAT,SG,event,countable,inanimate,front_unrounded,controlled
esemény,eseményben,INE,SG,event,countable,inanimate,front_unrounded,controlled
esemény,eseménybe,ILL,SG,event,countable,inanimate,front_unrounded,controlled
esemény,eseményből,ELA,SG,event,countable,inanimate,front_unrounded,controlled
esemény,eseménynél,ADE,SG,event,countable,inanimate,front_unrounded,controlled
esemény,eseményhez,ALL,SG,event,countable,inanimate,front_unrounded,controlled
esemény,eseménytől,ABL,SG,event,countable,inanimate,front_unrounded,controlled
esemény,eseményen,SUP,SG,event,countable,inanimate,front_unrounded,controlled
esemény,eseményre,SUB,SG,event,countable,inanimate,front_unrounded,controlled
esemény,eseményről,DEL,SG,event,countable,inanimate,front_unrounded,controlled
esemény,eseménnyel,INS,SG,event,countable,inanimate,front_unrounded,controlled
esemény,eseményig,TER,SG,event,countable,inanimate,front_unrounded,controlled
esemény,eseményért,CAU_FIN,SG,event,countable,inanimate,front_unrounded,controlled
esemény,eseményként,ESS_FOR,SG,event,countable,inanimate,front_unrounded,controlled
esemény,eseménnyé,TRA,SG,event,countable,inanimate,front_unrounded,controlled
folyamat,folyamat,NOM,SG,event,countable,inanimate,back,filler
folyamat,folyamatot,ACC,SG,event,countable,inanimate,back,filler
folyamat,folyamatnak,DAT,SG,event,countable,inanimate,back,filler
folyamat,folyamatban,INE,SG,event,countable,inanimate,back,filler
folyamat,folyamatba,ILL,SG,event,countable,inanimate,back,filler
folyamat,folyamatból,ELA,SG,event,countable,inanimate,back,filler
folyamat,folyamatnál,ADE,SG,event,countable,inanimate,back,filler
folyamat,folyamathoz,ALL,SG,event,countable,inanimate,back,filler
folyamat,folyamattól,ABL,SG,event,countable,inanimate,back,filler
folyamat,folyamaton,SUP,SG,event,countable,inanimate,back,filler
folyamat,folyamatra,SUB,SG,event,countable,inanimate,back,filler
folyamat,folyamatról,DEL,SG,event,countable,inanimate,back,filler
folyamat,folyamattal,INS,SG,event,countable,inanimate,back,filler
folyamat,folyamatig,TER,SG,event,countable,inanimate,back,filler
folyamat,folyamatért,CAU_FIN,SG,event,countable,inanimate,back,filler
folyamat,folyamatként,ESS_FOR,SG,event,countable,inanimate,back,filler
folyamat,folyamattá,TRA,SG,event,countable,inanimate,back,filler
tény,tény,NOM,SG,abstract,countable,inanimate,front_unrounded,filler
tény,tényt,ACC,SG,abstract,countable,inanimate,front_unrounded,filler
tény,ténynek,DAT,SG,abstract,countable,inanimate,front_unrounded,filler
tény,tényben,INE,SG,abstract,countable,inanimate,front_unrounded,filler
tény,ténybe,ILL,SG,abstract,countable,inanimate,front_unrounded,filler
tény,tényből,ELA,SG,abstract,countable,inanimate,front_unrounded,filler
tény,ténynél,ADE,SG,abstract,countable,inanimate,front_unrounded,filler
tény,tényhez,ALL,SG,abstract,countable,inanimate,front_unrounded,filler
tény,ténytől,ABL,SG,abstract,countable,inanimate,front_unrounded,filler
tény,tényen,SUP,SG,abstract,countable,inanimate,front_unrounded,filler
tény,tényre,SUB,SG,abstract,countable,inanimate,front_unrounded,filler
tény,tényről,DEL,SG,abstract,countable,inanimate,front_unrounded,filler
tény,ténnyel,INS,SG,abstract,countable,inanimate,front_unrounded,filler
tény,tényig,TER,SG,abstract,countable,inanimate,front_unrounded,filler
tény,tényért,CAU_FIN,SG,abstract,countable,inanimate,front_unrounded,filler
tény,tényként,ESS_FOR,SG,abstract,countable,inanimate,front_unrounded,filler
tény,ténnyé,TRA,SG,abstract,countable,inanimate,front_unrounded,filler
ügy,ügy,NOM,SG,abstract,countable,inanimate,front_rounded,filler
ügy,ügyet,ACC,SG,abstract,countable,inanimate,front_rounded,filler
ügy,ügynek,DAT,SG,abstract,countable,inanimate,front_rounded,filler
ügy,ügyben,INE,SG,abstract,countable,inanimate,front_rounded,filler
ügy,ügybe,ILL,SG,abstract,countable,inanimate,front_rounded,filler
ügy,ügyből,ELA,SG,abstract,countable,inanimate,front_rounded,filler
ügy,ügynél,ADE,SG,abstract,countable,inanimate,front_rounded,filler
ügy,ügyhöz,ALL,SG,abstract,countable,inanimate,front_rounded,filler
ügy,ügytől,ABL,SG,abstract,countable,inanimate,front_rounded,filler
ügy,ügyön,SUP,SG,abstract,countable,inanimate,front_rounded,filler
ügy,ügyre,SUB,SG,abstract,countable,inanimate,front_rounded,filler
ügy,ügyről,DEL,SG,abstract,countable,inanimate,front_rounded,filler
ügy,üggyel,INS,SG,abstract,countable,inanimate,front_rounded,filler
ügy,ügyig,TER,SG,abstract,countable,inanimate,front_rounded,filler
ügy,ügyért,CAU_FIN,SG,abstract,countable,inanimate,front_rounded,filler
ügy,ügyként,ESS_FOR,SG,abstract,countable,inanimate,front_rounded,filler
ügy,üggyé,TRA,SG,abstract,countable,inanimate,front_rounded,filler
idő,idő,NOM,SG,time,mass,inanimate,front_rounded,filler
idő,időt,ACC,SG,time,mass,inanimate,front_rounded,filler
idő,időnek,DAT,SG,time,mass,inanimate,front_rounded,filler
idő,időben,INE,SG,time,mass,inanimate,front_rounded,filler
idő,időbe,ILL,SG,time,mass,inanimate,front_rounded,filler
idő,időből,ELA,SG,time,mass,inanimate,front_rounded,filler
idő,időnél,ADE,SG,time,mass,inanimate,front_rounded,filler
idő,időhöz,ALL,SG,time,mass,inanimate,front_rounded,filler
idő,időtől,ABL,SG,time,mass,inanimate,front_rounded,filler
idő,időn,SUP,SG,time,mass,inanimate,front_rounded,filler
idő,időre,SUB,SG,time,mass,inanimate,front_rounded,filler
idő,időről,DEL,SG,time,mass,inanimate,front_rounded,filler
idő,idővel,INS,SG,time,mass,inanimate,front_rounded,filler
idő,időig,TER,SG,time,mass,inanimate,front_rounded,filler
idő,időért,CAU_FIN,SG,time,mass,inanimate,front_rounded,filler
idő,időként,ESS_FOR,SG,time,mass,inanimate,front_rounded,filler
idő,idővé,TRA,SG,time,mass,inanimate,front_rounded,filler
pillanat,pillanat,NOM,SG,time,countable,inanimate,back,filler
pillanat,pillanatot,ACC,SG,time,countable,inanimate,back,filler
pillanat,pillanatnak,DAT,SG,time,countable,inanimate,back,filler
pillanat,pillanatban,INE,SG,time,countable,inanimate,back,filler
pillanat,pillanatba,ILL,SG,time,countable,inanimate,back,filler
pillanat,pillanatból,ELA,SG,time,countable,inanimate,back,filler
pillanat,pillanatnál,ADE,SG,time,countable,inanimate,back,filler
pillanat,pillanathoz,ALL,SG,time,countable,inanimate,back,filler
pillanat,pillanattól,ABL,SG,time,countable,inanimate,back,filler
pillanat,pillanaton,SUP,SG,time,countable,inanimate,back,filler
pillanat,pillanatra,SUB,SG,time,countable,inanimate,back,filler
pillanat,pillanatról,DEL,SG,time,countable,inanimate,back,filler
pillanat,pillanattal,INS,SG,time,countable,inanimate,back,filler
pillanat,pillanatig,TER,SG,time,countable,inanimate,back,filler
pillanat,pillanatért,CAU_FIN,SG,time,countable,inanimate,back,filler
pillanat,pillanatként,ESS_FOR,SG,time,countable,inanimate,back,filler
pillanat,pillanattá,TRA,SG,time,countable,inanimate,back,filler
pillanat,pillanatkor,TEMP,SG,time,countable,inanimate,back,filler
